Temp,Mean Absolute Magnetization,Susceptibility,Mean Energy / Spin,Specific Heat
2.5,0.391984,5.17489,-1.13895,1.06733
2.6,0.300631,4.09557,-1.04088,0.817042
2.7,0.2522,2.753,-0.967819,0.60416
2.8,0.212034,2.10458,-0.908216,0.523536
2.9,0.182406,1.61228,-0.858234,0.450568
3,0.169895,1.32996,-0.822534,0.393876
3.1,0.151363,1.05623,-0.779334,0.355145
3.2,0.142439,0.869617,-0.740384,0.327778
3.3,0.142564,0.89513,-0.7172,0.294411
3.4,0.13722,0.737716,-0.682381,0.266187