Temp,Mean Absolute Magnetization,Susceptibility,Mean Energy / Spin,Specific Heat
1,0.999319,0.00138744,-1.99729,0.0217833
1.1,0.998547,0.00289494,-1.99436,0.0380131
1.2,0.996897,0.00583636,-1.98806,0.0684068
1.3,0.994803,0.0102104,-1.98046,0.100876
1.4,0.991392,0.0174312,-1.9681,0.146456
1.5,0.986273,0.0273203,-1.9502,0.201782
1.6,0.979003,0.0473868,-1.92683,0.257384
1.7,0.970675,0.0645449,-1.89989,0.33553
1.8,0.955945,0.127662,-1.85812,0.454301
1.9,0.938017,0.196324,-1.80878,0.563386