Temp,Mean Absolute Magnetization,Susceptibility,Mean Energy / Spin,Specific Heat
2.5,0.185992,7.74324,-1.10428,0.890243
2.6,0.162005,5.08865,-1.03022,0.71784
2.7,0.136276,3.54622,-0.96527,0.638143
2.8,0.106641,2.39742,-0.912287,0.53585
2.9,0.0977879,1.85334,-0.858423,0.472622
3,0.083543,1.34341,-0.814873,0.401493
3.1,0.0752945,1.05315,-0.779481,0.355658
3.2,0.074082,1.03337,-0.745921,0.334308
3.3,0.0663535,0.768901,-0.713234,0.293506
3.4,0.0647449,0.742116,-0.686457,0.267942