Temp,Mean Absolute Magnetization,Susceptibility,Mean Energy / Spin,Specific Heat
1,0.999289,0.00157306,-1.9972,0.0236522
1.1,0.998401,0.00325886,-1.99381,0.0418967
1.2,0.996971,0.00621289,-1.98838,0.0711668
1.3,0.994861,0.010035,-1.98058,0.0998542
1.4,0.991378,0.0169886,-1.96802,0.14561
1.5,0.986365,0.0263454,-1.95063,0.194256
1.6,0.980016,0.0418537,-1.92936,0.263349
1.7,0.970261,0.0647342,-1.8983,0.328738
1.8,0.957086,0.10937,-1.85969,0.428944
1.9,0.939401,0.172886,-1.81143,0.534284