Temp,Mean Absolute Magnetization,Susceptibility,Mean Energy / Spin,Specific Heat
2.5,0.0876409,7.08669,-1.1066,0.860238
2.6,0.0701327,4.39663,-1.0269,0.695798
2.7,0.0592669,3.43778,-0.964791,0.607416
2.8,0.0525463,2.12335,-0.907073,0.495844
2.9,0.044614,1.74917,-0.861014,0.453878
3,0.0422636,1.51924,-0.817798,0.407445
3.1,0.0386536,1.16986,-0.780546,0.345793
3.2,0.0364597,0.964285,-0.744609,0.337332
3.3,0.0323669,0.724328,-0.714383,0.290797
3.4,0.0327471,0.75718,-0.685983,0.25691