Temp,Mean Absolute Magnetization,Susceptibility,Mean Energy / Spin,Specific Heat
1,0.999284,0.00154688,-1.99719,0.0231163
1.1,0.998479,0.0030452,-1.9941,0.0401717
1.2,0.997004,0.00582719,-1.98852,0.0660153
1.3,0.994794,0.0103266,-1.98032,0.102464
1.4,0.991354,0.0165058,-1.96796,0.142214
1.5,0.986371,0.026408,-1.95078,0.191972
1.6,0.979492,0.0433383,-1.92792,0.259611
1.7,0.970364,0.0633228,-1.89903,0.311679
1.8,0.957168,0.109529,-1.86018,0.433656
1.9,0.938454,0.193999,-1.80978,0.557654